Workbook

Sheet Assumptions
A1: Assumptions & rates (synthetic, illustrative)
A2: Blue cells = inputs you can edit; yellow = key levers. All costs JPY.
A4: Global levers | D4: Material rates (JPY/kg, drawing parts) | G4: Process rates by commodity
A5: Scrap % | B5: 0.03 | D5: FR4 | E5: 2400 | G5: Commodity | H5: Var (JPY/g) | I5: Fixed (JPY)
A6: Overhead % | B6: 0.12 | D6: Alloy | E6: 3200 | G6: Electromech | H6: 0.55 | I6: 40
A7: Supplier margin % | B7: 0.1 | D7: Aluminum | E7: 950 | G7: Mechanical | H7: 0.5 | I7: 18
A8: Catalog handling % | B8: 0.02 | D8: Ceramic | E8: 3000 | G8: Fasteners | H8: 0.1 | I8: 4
A9: Target reduction % | B9: 0.08 | D9: PA66 | E9: 780 | G9: Packaging | H9: 0.1 | I9: 3
A10: Annual volume (units) | B10: 120000 | D10: Ferrite | E10: 1500
D11: Steel | E11: 320 | G11: Catalog parts (Electronics) are benchmarked at market_ref x (1 + catalog handling), not weight-costed.
D12: Copper | E12: 1450
D13: SUS304 | E13: 680
D14: ADC12 | E14: 640
D15: PPS | E15: 1250
D16: Carbon/SiC | E16: 8000
D17: EPDM | E17: 900
D18: Silicone | E18: 800
D19: PET | E19: 400
D20: PE | E20: 260

Sheet BOM
A1: part_no | B1: part_name | C1: commodity | D1: supplier | E1: material | F1: qty | G1: weight_g | H1: current_price_jpy | I1: market_ref_jpy | J1: current_ext_jpy | K1: should_cost_unit_jpy | L1: should_cost_ext_jpy | M1: gap_jpy | N1: annual_gap_jpy
A2: P-001 | B2: Main PCB (4-layer FR4) | C2: Electronics | D2: Nagoya Circuits | E2: FR4 | F2: 1 | G2: 82 | H2: 604 | I2: 559 | J2: =F2*H2 -> 604 | K2: =IF(C2="Electronics",I2*(1+Assumptions!$B$8),((G2/1000)*INDEX(Assumptions!$E$5:$E$20,MATCH(E2,Assumptions!$D$5:$D$20,0))*(1+Assumptions!$B$5)+G2*INDEX(Assumptions!$H$6:$H$9,MATCH(C2,Assumptions!$G$6:$G$9,0))+INDEX(Assumptions!$I$6:$I$9,MATCH(C2,Assumptions!$G$6:$G$9,0)))*(1+Assumptions!$B$6)*(1+Assumptions!$B$7)) -> 570.18 | L2: =K2*F2 -> 570.18 | M2: =J2-L2 -> 33.82 | N2: =M2*Assumptions!$B$10 -> 4058400
A3: P-002 | B3: MCU 32-bit (motor control) | C3: Electronics | D3: Denki Parts KK | E3: Silicon | F3: 1 | G3: 4 | H3: 440 | I3: 407 | J3: =F3*H3 -> 440 | K3: =IF(C3="Electronics",I3*(1+Assumptions!$B$8),((G3/1000)*INDEX(Assumptions!$E$5:$E$20,MATCH(E3,Assumptions!$D$5:$D$20,0))*(1+Assumptions!$B$5)+G3*INDEX(Assumptions!$H$6:$H$9,MATCH(C3,Assumptions!$G$6:$G$9,0))+INDEX(Assumptions!$I$6:$I$9,MATCH(C3,Assumptions!$G$6:$G$9,0)))*(1+Assumptions!$B$6)*(1+Assumptions!$B$7)) -> 415.14 | L3: =K3*F3 -> 415.14 | M3: =J3-L3 -> 24.86 | N3: =M3*Assumptions!$B$10 -> 2983200
A4: P-003 | B4: Gate driver IC | C4: Electronics | D4: Nagoya Circuits | E4: Silicon | F4: 1 | G4: 2 | H4: 201 | I4: 179 | J4: =F4*H4 -> 201 | K4: =IF(C4="Electronics",I4*(1+Assumptions!$B$8),((G4/1000)*INDEX(Assumptions!$E$5:$E$20,MATCH(E4,Assumptions!$D$5:$D$20,0))*(1+Assumptions!$B$5)+G4*INDEX(Assumptions!$H$6:$H$9,MATCH(C4,Assumptions!$G$6:$G$9,0))+INDEX(Assumptions!$I$6:$I$9,MATCH(C4,Assumptions!$G$6:$G$9,0)))*(1+Assumptions!$B$6)*(1+Assumptions!$B$7)) -> 182.58 | L4: =K4*F4 -> 182.58 | M4: =J4-L4 -> 18.42 | N4: =M4*Assumptions!$B$10 -> 2210400
A5: P-004 | B5: Power MOSFET (40V) | C5: Electronics | D5: Nagoya Circuits | E5: Silicon | F5: 2 | G5: 3 | H5: 95 | I5: 76 | J5: =F5*H5 -> 190 | K5: =IF(C5="Electronics",I5*(1+Assumptions!$B$8),((G5/1000)*INDEX(Assumptions!$E$5:$E$20,MATCH(E5,Assumptions!$D$5:$D$20,0))*(1+Assumptions!$B$5)+G5*INDEX(Assumptions!$H$6:$H$9,MATCH(C5,Assumptions!$G$6:$G$9,0))+INDEX(Assumptions!$I$6:$I$9,MATCH(C5,Assumptions!$G$6:$G$9,0)))*(1+Assumptions!$B$6)*(1+Assumptions!$B$7)) -> 77.52 | L5: =K5*F5 -> 155.04 | M5: =J5-L5 -> 34.96 | N5: =M5*Assumptions!$B$10 -> 4195200
A6: P-005 | B6: Current sense shunt | C6: Electronics | D6: Denki Parts KK | E6: Alloy | F6: 1 | G6: 2 | H6: 34 | I6: 31 | J6: =F6*H6 -> 34 | K6: =IF(C6="Electronics",I6*(1+Assumptions!$B$8),((G6/1000)*INDEX(Assumptions!$E$5:$E$20,MATCH(E6,Assumptions!$D$5:$D$20,0))*(1+Assumptions!$B$5)+G6*INDEX(Assumptions!$H$6:$H$9,MATCH(C6,Assumptions!$G$6:$G$9,0))+INDEX(Assumptions!$I$6:$I$9,MATCH(C6,Assumptions!$G$6:$G$9,0)))*(1+Assumptions!$B$6)*(1+Assumptions!$B$7)) -> 31.62 | L6: =K6*F6 -> 31.62 | M6: =J6-L6 -> 2.38 | N6: =M6*Assumptions!$B$10 -> 285600
A7: P-006 | B7: DC-link capacitor (electrolytic) | C7: Electronics | D7: Nagoya Circuits | E7: Aluminum | F7: 1 | G7: 18 | H7: 118 | I7: 107 | J7: =F7*H7 -> 118 | K7: =IF(C7="Electronics",I7*(1+Assumptions!$B$8),((G7/1000)*INDEX(Assumptions!$E$5:$E$20,MATCH(E7,Assumptions!$D$5:$D$20,0))*(1+Assumptions!$B$5)+G7*INDEX(Assumptions!$H$6:$H$9,MATCH(C7,Assumptions!$G$6:$G$9,0))+INDEX(Assumptions!$I$6:$I$9,MATCH(C7,Assumptions!$G$6:$G$9,0)))*(1+Assumptions!$B$6)*(1+Assumptions!$B$7)) -> 109.14 | L7: =K7*F7 -> 109.14 | M7: =J7-L7 -> 8.86 | N7: =M7*Assumptions!$B$10 -> 1063200
A8: P-007 | B8: Ceramic capacitor set (MLCC) | C8: Electronics | D8: Nagoya Circuits | E8: Ceramic | F8: 1 | G8: 6 | H8: 66 | I8: 58 | J8: =F8*H8 -> 66 | K8: =IF(C8="Electronics",I8*(1+Assumptions!$B$8),((G8/1000)*INDEX(Assumptions!$E$5:$E$20,MATCH(E8,Assumptions!$D$5:$D$20,0))*(1+Assumptions!$B$5)+G8*INDEX(Assumptions!$H$6:$H$9,MATCH(C8,Assumptions!$G$6:$G$9,0))+INDEX(Assumptions!$I$6:$I$9,MATCH(C8,Assumptions!$G$6:$G$9,0)))*(1+Assumptions!$B$6)*(1+Assumptions!$B$7)) -> 59.16 | L8: =K8*F8 -> 59.16 | M8: =J8-L8 -> 6.84 | N8: =M8*Assumptions!$B$10 -> 820800
A9: P-008 | B9: Connector 6-pin sealed | C9: Electronics | D9: Sunrise Micro | E9: PA66 | F9: 1 | G9: 14 | H9: 155 | I9: 124 | J9: =F9*H9 -> 155 | K9: =IF(C9="Electronics",I9*(1+Assumptions!$B$8),((G9/1000)*INDEX(Assumptions!$E$5:$E$20,MATCH(E9,Assumptions!$D$5:$D$20,0))*(1+Assumptions!$B$5)+G9*INDEX(Assumptions!$H$6:$H$9,MATCH(C9,Assumptions!$G$6:$G$9,0))+INDEX(Assumptions!$I$6:$I$9,MATCH(C9,Assumptions!$G$6:$G$9,0)))*(1+Assumptions!$B$6)*(1+Assumptions!$B$7)) -> 126.48 | L9: =K9*F9 -> 126.48 | M9: =J9-L9 -> 28.52 | N9: =M9*Assumptions!$B$10 -> 3422400
A10: P-009 | B10: EMC filter choke | C10: Electronics | D10: Denki Parts KK | E10: Ferrite | F10: 1 | G10: 26 | H10: 103 | I10: 88 | J10: =F10*H10 -> 103 | K10: =IF(C10="Electronics",I10*(1+Assumptions!$B$8),((G10/1000)*INDEX(Assumptions!$E$5:$E$20,MATCH(E10,Assumptions!$D$5:$D$20,0))*(1+Assumptions!$B$5)+G10*INDEX(Assumptions!$H$6:$H$9,MATCH(C10,Assumptions!$G$6:$G$9,0))+INDEX(Assumptions!$I$6:$I$9,MATCH(C10,Assumptions!$G$6:$G$9,0)))*(1+Assumptions!$B$6)*(1+Assumptions!$B$7)) -> 89.76 | L10: =K10*F10 -> 89.76 | M10: =J10-L10 -> 13.24 | N10: =M10*Assumptions!$B$10 -> 1588800
A11: P-010 | B11: Position sensor (Hall) | C11: Electronics | D11: Denki Parts KK | E11: Silicon | F11: 1 | G11: 3 | H11: 128 | I11: 119 | J11: =F11*H11 -> 128 | K11: =IF(C11="Electronics",I11*(1+Assumptions!$B$8),((G11/1000)*INDEX(Assumptions!$E$5:$E$20,MATCH(E11,Assumptions!$D$5:$D$20,0))*(1+Assumptions!$B$5)+G11*INDEX(Assumptions!$H$6:$H$9,MATCH(C11,Assumptions!$G$6:$G$9,0))+INDEX(Assumptions!$I$6:$I$9,MATCH(C11,Assumptions!$G$6:$G$9,0)))*(1+Assumptions!$B$6)*(1+Assumptions!$B$7)) -> 121.38 | L11: =K11*F11 -> 121.38 | M11: =J11-L11 -> 6.62 | N11: =M11*Assumptions!$B$10 -> 794400
A12: P-011 | B12: Stator core (laminated) | C12: Electromech | D12: Chubu Motor Works | E12: Steel | F12: 1 | G12: 412 | H12: 674 | J12: =F12*H12 -> 674 | K12: =IF(C12="Electronics",I12*(1+Assumptions!$B$8),((G12/1000)*INDEX(Assumptions!$E$5:$E$20,MATCH(E12,Assumptions!$D$5:$D$20,0))*(1+Assumptions!$B$5)+G12*INDEX(Assumptions!$H$6:$H$9,MATCH(C12,Assumptions!$G$6:$G$9,0))+INDEX(Assumptions!$I$6:$I$9,MATCH(C12,Assumptions!$G$6:$G$9,0)))*(1+Assumptions!$B$6)*(1+Assumptions!$B$7)) -> 495.75089 | L12: =K12*F12 -> 495.75089 | M12: =J12-L12 -> 178.24911 | N12: =M12*Assumptions!$B$10 -> 21389894
A13: P-012 | B13: Stator winding (copper) | C13: Electromech | D13: Aichi Windings | E13: Copper | F13: 1 | G13: 187 | H13: 557 | J13: =F13*H13 -> 557 | K13: =IF(C13="Electronics",I13*(1+Assumptions!$B$8),((G13/1000)*INDEX(Assumptions!$E$5:$E$20,MATCH(E13,Assumptions!$D$5:$D$20,0))*(1+Assumptions!$B$5)+G13*INDEX(Assumptions!$H$6:$H$9,MATCH(C13,Assumptions!$G$6:$G$9,0))+INDEX(Assumptions!$I$6:$I$9,MATCH(C13,Assumptions!$G$6:$G$9,0)))*(1+Assumptions!$B$6)*(1+Assumptions!$B$7)) -> 520.0697 | L13: =K13*F13 -> 520.0697 | M13: =J13-L13 -> 36.930296 | N13: =M13*Assumptions!$B$10 -> 4431635.5
A14: P-013 | B14: Rotor assembly | C14: Electromech | D14: Chubu Motor Works | E14: Steel | F14: 1 | G14: 298 | H14: 498 | J14: =F14*H14 -> 498 | K14: =IF(C14="Electronics",I14*(1+Assumptions!$B$8),((G14/1000)*INDEX(Assumptions!$E$5:$E$20,MATCH(E14,Assumptions!$D$5:$D$20,0))*(1+Assumptions!$B$5)+G14*INDEX(Assumptions!$H$6:$H$9,MATCH(C14,Assumptions!$G$6:$G$9,0))+INDEX(Assumptions!$I$6:$I$9,MATCH(C14,Assumptions!$G$6:$G$9,0)))*(1+Assumptions!$B$6)*(1+Assumptions!$B$7)) -> 372.21283 | L14: =K14*F14 -> 372.21283 | M14: =J14-L14 -> 125.78717 | N14: =M14*Assumptions!$B$10 -> 15094461
A15: P-014 | B15: Ferrite magnet set | C15: Electromech | D15: Chubu Motor Works | E15: Ferrite | F15: 1 | G15: 118 | H15: 219 | J15: =F15*H15 -> 219 | K15: =IF(C15="Electronics",I15*(1+Assumptions!$B$8),((G15/1000)*INDEX(Assumptions!$E$5:$E$20,MATCH(E15,Assumptions!$D$5:$D$20,0))*(1+Assumptions!$B$5)+G15*INDEX(Assumptions!$H$6:$H$9,MATCH(C15,Assumptions!$G$6:$G$9,0))+INDEX(Assumptions!$I$6:$I$9,MATCH(C15,Assumptions!$G$6:$G$9,0)))*(1+Assumptions!$B$6)*(1+Assumptions!$B$7)) -> 353.84272 | L15: =K15*F15 -> 353.84272 | M15: =J15-L15 -> -134.84272 | N15: =M15*Assumptions!$B$10 -> -16181126
A16: P-015 | B16: Shaft (stainless) | C16: Electromech | D16: Chubu Motor Works | E16: SUS304 | F16: 1 | G16: 64 | H16: 158 | J16: =F16*H16 -> 158 | K16: =IF(C16="Electronics",I16*(1+Assumptions!$B$8),((G16/1000)*INDEX(Assumptions!$E$5:$E$20,MATCH(E16,Assumptions!$D$5:$D$20,0))*(1+Assumptions!$B$5)+G16*INDEX(Assumptions!$H$6:$H$9,MATCH(C16,Assumptions!$G$6:$G$9,0))+INDEX(Assumptions!$I$6:$I$9,MATCH(C16,Assumptions!$G$6:$G$9,0)))*(1+Assumptions!$B$6)*(1+Assumptions!$B$7)) -> 147.87154 | L16: =K16*F16 -> 147.87154 | M16: =J16-L16 -> 10.128461 | N16: =M16*Assumptions!$B$10 -> 1215415.3
A17: P-016 | B17: Bearing 608ZZ pair | C17: Electromech | D17: Chubu Motor Works | E17: Steel | F17: 1 | G17: 28 | H17: 160 | J17: =F17*H17 -> 160 | K17: =IF(C17="Electronics",I17*(1+Assumptions!$B$8),((G17/1000)*INDEX(Assumptions!$E$5:$E$20,MATCH(E17,Assumptions!$D$5:$D$20,0))*(1+Assumptions!$B$5)+G17*INDEX(Assumptions!$H$6:$H$9,MATCH(C17,Assumptions!$G$6:$G$9,0))+INDEX(Assumptions!$I$6:$I$9,MATCH(C17,Assumptions!$G$6:$G$9,0)))*(1+Assumptions!$B$6)*(1+Assumptions!$B$7)) -> 79.622682 | L17: =K17*F17 -> 79.622682 | M17: =J17-L17 -> 80.377318 | N17: =M17*Assumptions!$B$10 -> 9645278.2
A18: P-017 | B18: Pump housing (die-cast Al) | C18: Mechanical | D18: Toyokawa Diecast | E18: ADC12 | F18: 1 | G18: 342 | H18: 537 | J18: =F18*H18 -> 537 | K18: =IF(C18="Electronics",I18*(1+Assumptions!$B$8),((G18/1000)*INDEX(Assumptions!$E$5:$E$20,MATCH(E18,Assumptions!$D$5:$D$20,0))*(1+Assumptions!$B$5)+G18*INDEX(Assumptions!$H$6:$H$9,MATCH(C18,Assumptions!$G$6:$G$9,0))+INDEX(Assumptions!$I$6:$I$9,MATCH(C18,Assumptions!$G$6:$G$9,0)))*(1+Assumptions!$B$6)*(1+Assumptions!$B$7)) -> 510.59796 | L18: =K18*F18 -> 510.59796 | M18: =J18-L18 -> 26.402035 | N18: =M18*Assumptions!$B$10 -> 3168244.2
A19: P-018 | B19: Volute cover (PPS-GF40) | C19: Mechanical | D19: Mikawa Polymer | E19: PPS | F19: 1 | G19: 96 | H19: 235 | J19: =F19*H19 -> 235 | K19: =IF(C19="Electronics",I19*(1+Assumptions!$B$8),((G19/1000)*INDEX(Assumptions!$E$5:$E$20,MATCH(E19,Assumptions!$D$5:$D$20,0))*(1+Assumptions!$B$5)+G19*INDEX(Assumptions!$H$6:$H$9,MATCH(C19,Assumptions!$G$6:$G$9,0))+INDEX(Assumptions!$I$6:$I$9,MATCH(C19,Assumptions!$G$6:$G$9,0)))*(1+Assumptions!$B$6)*(1+Assumptions!$B$7)) -> 233.5872 | L19: =K19*F19 -> 233.5872 | M19: =J19-L19 -> 1.4128 | N19: =M19*Assumptions!$B$10 -> 169536
A20: P-019 | B20: Impeller (PPS-GF40) | C20: Mechanical | D20: Mikawa Polymer | E20: PPS | F20: 1 | G20: 42 | H20: 163 | J20: =F20*H20 -> 163 | K20: =IF(C20="Electronics",I20*(1+Assumptions!$B$8),((G20/1000)*INDEX(Assumptions!$E$5:$E$20,MATCH(E20,Assumptions!$D$5:$D$20,0))*(1+Assumptions!$B$5)+G20*INDEX(Assumptions!$H$6:$H$9,MATCH(C20,Assumptions!$G$6:$G$9,0))+INDEX(Assumptions!$I$6:$I$9,MATCH(C20,Assumptions!$G$6:$G$9,0)))*(1+Assumptions!$B$6)*(1+Assumptions!$B$7)) -> 114.6684 | L20: =K20*F20 -> 114.6684 | M20: =J20-L20 -> 48.3316 | N20: =M20*Assumptions!$B$10 -> 5799792
A21: P-020 | B21: Mechanical seal | C21: Mechanical | D21: Sealtech JP | E21: Carbon/SiC | F21: 1 | G21: 12 | H21: 212 | J21: =F21*H21 -> 212 | K21: =IF(C21="Electronics",I21*(1+Assumptions!$B$8),((G21/1000)*INDEX(Assumptions!$E$5:$E$20,MATCH(E21,Assumptions!$D$5:$D$20,0))*(1+Assumptions!$B$5)+G21*INDEX(Assumptions!$H$6:$H$9,MATCH(C21,Assumptions!$G$6:$G$9,0))+INDEX(Assumptions!$I$6:$I$9,MATCH(C21,Assumptions!$G$6:$G$9,0)))*(1+Assumptions!$B$6)*(1+Assumptions!$B$7)) -> 151.38816 | L21: =K21*F21 -> 151.38816 | M21: =J21-L21 -> 60.61184 | N21: =M21*Assumptions!$B$10 -> 7273420.8
A22: P-021 | B22: O-ring set (EPDM) | C22: Mechanical | D22: Sealtech JP | E22: EPDM | F22: 1 | G22: 8 | H22: 39 | J22: =F22*H22 -> 39 | K22: =IF(C22="Electronics",I22*(1+Assumptions!$B$8),((G22/1000)*INDEX(Assumptions!$E$5:$E$20,MATCH(E22,Assumptions!$D$5:$D$20,0))*(1+Assumptions!$B$5)+G22*INDEX(Assumptions!$H$6:$H$9,MATCH(C22,Assumptions!$G$6:$G$9,0))+INDEX(Assumptions!$I$6:$I$9,MATCH(C22,Assumptions!$G$6:$G$9,0)))*(1+Assumptions!$B$6)*(1+Assumptions!$B$7)) -> 36.240512 | L22: =K22*F22 -> 36.240512 | M22: =J22-L22 -> 2.759488 | N22: =M22*Assumptions!$B$10 -> 331138.56
A23: P-022 | B23: Mounting bracket (stamped) | C23: Mechanical | D23: Toyokawa Diecast | E23: Steel | F23: 1 | G23: 118 | H23: 136 | J23: =F23*H23 -> 136 | K23: =IF(C23="Electronics",I23*(1+Assumptions!$B$8),((G23/1000)*INDEX(Assumptions!$E$5:$E$20,MATCH(E23,Assumptions!$D$5:$D$20,0))*(1+Assumptions!$B$5)+G23*INDEX(Assumptions!$H$6:$H$9,MATCH(C23,Assumptions!$G$6:$G$9,0))+INDEX(Assumptions!$I$6:$I$9,MATCH(C23,Assumptions!$G$6:$G$9,0)))*(1+Assumptions!$B$6)*(1+Assumptions!$B$7)) -> 142.77993 | L23: =K23*F23 -> 142.77993 | M23: =J23-L23 -> -6.7799296 | N23: =M23*Assumptions!$B$10 -> -813591.55
... A27: P-026 | B27: Protective cap set | C27: Packaging | D27: Shizuoka Pack | E27: PE | F27: 1 | G27: 7 | H27: 15 | J27: =F27*H27 -> 15 | K27: =IF(C27="Electronics",I27*(1+Assumptions!$B$8),((G27/1000)*INDEX(Assumptions!$E$5:$E$20,MATCH(E27,Assumptions!$D$5:$D$20,0))*(1+Assumptions!$B$5)+G27*INDEX(Assumptions!$H$6:$H$9,MATCH(C27,Assumptions!$G$6:$G$9,0))+INDEX(Assumptions!$I$6:$I$9,MATCH(C27,Assumptions!$G$6:$G$9,0)))*(1+Assumptions!$B$6)*(1+Assumptions!$B$7)) -> 6.8679072 | L27: =K27*F27 -> 6.8679072 | M27: =J27-L27 -> 8.1320928 | N27: =M27*Assumptions!$B$10 -> 975851.14

Sheet Summary
A1: Target-cost attainment — electric coolant pump assembly (synthetic BOM)
A2: All figures recalculate from BOM + Assumptions. Data is illustrative; the method is the deliverable.
A4: Current assembly cost | B4: =SUM(BOM!J2:J27) -> 5727
A5: Should-cost (bottom-up + market benchmark) | B5: =SUM(BOM!L2:L27) -> 5084.9972
A6: Target cost | B6: =B4*(1-Assumptions!$B$9) -> 5268.84
A7: Gap: current vs should-cost | B7: =B4-B5 -> 642.00283
A8: Gap % of current | B8: =B7/B4 -> 0.11210107
A9: Required reduction to target | B9: =B4-B6 -> 458.16
A10: Target attainment (should-cost achieved) | B10: =B7/B9 -> 1.4012634
A11: Annual value @ volume | B11: =B7*Assumptions!$B$10 -> 77040339
A13: Gap by commodity
A14: Commodity | B14: Current | C14: Should | D14: Gap
A15: Electromech | B15: =SUMIFS(BOM!$J$2:$J$27,BOM!$C$2:$C$27,A15) -> 2266 | C15: =SUMIFS(BOM!$L$2:$L$27,BOM!$C$2:$C$27,A15) -> 1969.3704 | D15: =B15-C15 -> 296.62964
A16: Mechanical | B16: =SUMIFS(BOM!$J$2:$J$27,BOM!$C$2:$C$27,A16) -> 1368 | C16: =SUMIFS(BOM!$L$2:$L$27,BOM!$C$2:$C$27,A16) -> 1226.1187 | D16: =B16-C16 -> 141.88132
A17: Electronics | B17: =SUMIFS(BOM!$J$2:$J$27,BOM!$C$2:$C$27,A17) -> 2039 | C17: =SUMIFS(BOM!$L$2:$L$27,BOM!$C$2:$C$27,A17) -> 1860.48 | D17: =B17-C17 -> 178.52
A18: Fasteners | B18: =SUMIFS(BOM!$J$2:$J$27,BOM!$C$2:$C$27,A18) -> 27 | C18: =SUMIFS(BOM!$L$2:$L$27,BOM!$C$2:$C$27,A18) -> 16.571878 | D18: =B18-C18 -> 10.428122
A19: Packaging | B19: =SUMIFS(BOM!$J$2:$J$27,BOM!$C$2:$C$27,A19) -> 27 | C19: =SUMIFS(BOM!$L$2:$L$27,BOM!$C$2:$C$27,A19) -> 12.456259 | D19: =B19-C19 -> 14.543741
A21: How to use: edit blue cells (Assumptions levers, BOM prices/weights) — everything recalculates.
A22: Example: raise Copper to 1,600 JPY/kg to simulate a commodity shock; attainment updates instantly.
